197778626,ibladlnhh
1742595757,hxfboxrewanprajjgifbehpxtdfw
814987347,el
1196534661,ikbrigknurnxfclqanpoyxrpmusxpssbowfl
1778615494,ifelivlgikrbpwg
628598836,ifcvsrpb
125251811,hgrcvdsviruarrffkrmmqewjebdsvcjyhkumjcn
1138508888,mnpinpvruetfxrxsslhuoejmph
62731112,wyyoij
186228010,cqqbeelwefyarkuy
449972693,fdtvotqdgoojcfdbgifmteerpbksdrlbootuqqedjuljfg
433444963,frhwenhofffrrxawdvtlksknlkuwujccfrqfhluldffjvdff
2082277385,ltjocqcsudqusdyrvdydhvr
1658221276,kfsgxmrynvjxfetwoeiuhplcti
577489358,egujvpqtdqdwrtclypgpwp
1147562035,fgxejewmfyldthyiankoln
559107161,svdtoltrnsehyqwn
2016649654,aucjvadojsthewchiafxdyorhxynjfcrasxsfsmqw
2108541478,ainxaffkoxx
1096055586,xyasjlgyvslfktvkyrsamdfqyly
1758332192,dnqyjmcagulil
257082955,xvijsqerwhrslvgsngnayraloiybmtbqmiavlfqfxr
1135151117,bijdckkmfgvnrtanblvutoajviqnprwcnuscdguvs
2119191170,pfaeatucvjxsjyxv
754562104,grpbkpnatletibpblutpvrlcijq
1282070647,fqnaspmcq
161631497,htiasqdik
1571972208,drwqeeyntymmpqncnhqityhmuj
116613220,efemmiioxcegjemtfiiyuxjlvc
108014270,hbexqnicwijgw
278935371,elwngfcnegcoleqdhhvprwvqkfqmodxdmnntbcu
700461800,qdnvvit
592802493,hjtrnakxjvevdujbulbxwnqvns
878997612,ycmsatdon
682574681,uowpxaly
1636931333,pbyaclwxteajgimddhpkjesgyqdrbhfxcskdakf
902711599,fprteafgghbeuoewiytradringkhxisam
1397047763,jbooeageoxmufqpqiyf
1997077469,rcfonsktdqwvpobhcpwfstpbxgvntcqrceo
1992104038,cv
905718836,iemiputcaudlnlrqjplmuphpdcuoqjqyvdoi
1084072872,tqwlqi
1671168687,imgephxeijulppfgmclujxsnpplabbvudegxdqehl
173203700,qnoxxtmxbuaxelcakaskjbmxacqjbi
1031403868,xjcni
526505841,tajsvfhcvsonbswvutweoccohkswexvjjoyutan
280433191,qrcyaqbytsgthrrpysjfnrgrfxlglbtmehnsy
441389942,xjbfjaodpvuncogxaosxbbxahbrbeyedojfuuodcobyiejxg
2069749910,jkrwnjytgdvkuduoyspltuvhilhuki
348405945,hjidwyluhnfxpesamxvqeqbn
1235225007,jumbeckmmmhhclhstjpkrt
1724841646,ipdaghoofbvajhpfhsidhosdy
610635727,jilyrxxjbkufu
692673539,bbqunxr
727114230,cjvufxgkuvjwttdcmhhgdvftwfahfbobwwydmmkmq
2039207095,oedsgbtxpflhq
2092315176,rnsqxcwnldxwkxbawudcijnbktaaapdddcmuolcviwwdqmm
1654810829,sruuanyoywxelomlsby
1267817354,eggtbmfwgp
1608317569,ndagvlmcyuluyghswkpxgqg
1755851672,dptevdqrdshettptidcvwjkmplut
1700007755,dpisoaigxfgwbwticn
780940501,wwhmgnhhfqbrjivcksebjblnoodavp
463688672,pvgigen
125423329,lc
315766604,fejbrbawxmuyqswopikh
1690279843,baooqqqwiiacs
1093384584,cknffoqpupddrfptqgsfktwm
1101169952,brvqnuqcuctsyaiufoftu
977930816,ovlekasflputnxxmwfnfugqcdoxudlissidihsei
2064913513,ywsedqopiq
1538515330,nwkqmurhjjwotibksbmgcwqjenhigljoetpyomblw
1897408440,kvtlkubvvbnqawfggremqrltsjuspqmnhjdiemydxkddpmqkv
721074374,rytaarhxylsixwdmgyvemmiiwjeycykrdecjwjfgjhfjop
1824172364,qede
1794380,nfdyntmjvbjjnnjhknjpb
1577959723,gamnaoyqeoboxesoryubveknbsqeoitfrdkcygjav
1326105744,usvbjtihhqofkltsghysesqrwmjwxgahxe
453323780,ywrvfk
968347470,meuwndjnamrkakeiqcvycmoltemvdpgmsr
440883690,ixikqqjl
337221905,gthvqooiiiisjmxvbdx
370599355,sghsvtxigdkfabwcfwqsdurohqcibbrdjmjsfdqygu
2133885523,hvvxqg
151626046,icvcoyrsnyaclm
247769742,karr
2036942517,sqjequmyafgpxwuoujtsfyvt
832156654,jnpbtecadfojviaewiudaxjxkdjqwehslowaocvdsnwhur
524835617,jthqakudpwxrhywl
686093913,lihh
880809639,y
1214773088,hmicwhvjjnbooscsbekcylvsbbkbxkklhpdjmbwaobnyfiany
1746131114,mpdoyunttjeikcpfkqumpotwesphxwbxtlggchn
606692913,oexsmymxyjht
678879718,ys
2120606119,dvehwgwqtuhkdsrrvvebqoqjmrsvaeifqfwdwfodjhnsl
93766131,mkw
1920323286,vchrbohrhgnwdsl
1124550929,ufiqmilhsirckgcrkwcvxnimithncrlxyfgbkqwonbnobopo
469475833,aekbtvmsfhrg
842762868,hkesyaeimvfeuoallbflaxbcuekgnnuftlkwjrmnarcrj
222445075,dnelkdbcgewhdxcyqjukkqsbsandx
2086712099,imsiogvkyf
606031409,rwjmietmuhidewvlsukdrnrefryplvboqm
1939507847,vovcjksvvdrythcxfktc
169629709,ohcgwwterfrvetjnimqcltnbjbuicdulxnvxrufhptxxa
1786769312,odruwkytbrsnjyoxgnpbugqigorlphsjlwte
855444475,mknelmrnlqlqproomvyvakmimdboe
1665313647,xupajfeqospdqxmwoylb
230296653,uidj
1480536274,wkstpbudsjrkw
1846469578,fyntqikiakedrhljyksduuvppuunvjyrsvdfummku
1635437815,ohmrunxxthqscc
1185719200,hhvqxjapkqnargxfyirhanfalyrsoi
983376502,okgctkptoqpcdtnjefrgoretllwoxpmktehwbnwejp
295094844,qvosnykghlguhrqfnfpbiugpgbqlykyp
931355169,gnhcrbnnsjknvdcwgcuwqo
1152957867,ileyqcber
421449281,bbktxsluidapgsmxaaaxwdeacpiigjxvphnepvgvydxspcarnm
1549820330,middeocgrhjkiklaqkfwrdckvgqb
1760577499,fbkpybalroqaadoxklnuykjvhtqvaxogarxkcmheiatdw
1823110688,jlcknojrkdlitscptihvaaisrpyilxnjslbwdbhbcfyynoyd
1860945888,wktcmiewjkwngublnpy
558999365,xxxcpddurhosg
1967091485,pplqiinypq
723539048,xganbndrnwmvdmjthi
177415967,dboehgerh
835629463,wsgsbtylaaarfwtgvbgnharksbkkhmkkxtqbhrdguomxgbduyj
921735037,baxwjndupvtek
883837648,clupkykpqpaxauujsgcyvjhhu
602764758,hordypqojycsu
1207660230,iyhgggiotccnihhmikenrkqlriirevadqrbfspdahqibf
1636994128,spdhlmuyajybnllkgoclmbnbnib
755097128,t
1189603055,bfuigpisqabrehslblxrxdnwqgemryv
1335153260,lbaywrmkbouwvxktvpundnluexhtomherxup
907966807,smkprvbshapswra
1611480312,ahnyjhyadfpwvbxlacsrvvrgaaukilpuxlfawlnwedhnhbjq
2126693834,grxcokoydus
1624355307,kdhjvuoyeorurpnatkxdigsjbspiiukfy
967129786,tsjjolkcdnnjnnicgxaymgnqgbuxifrbiaxobgxvvo
1614011314,nmrlmlgayxycdjxlgpwhrrdknqupfhg
1244012800,pktoijdysvyxqndxvrfwinqdvggkyxpbnkqxqpie
304159359,kswsk
543814804,ekikwcnpxhmahfqvvwdalkxjdwpjnsficuybqdfr
660064474,jhsmfgppiqrolbdomhdeccnkblkfwpdlls
845113267,ambiuejgfwkjjhcabe
778575008,sa
100435879,dpvaefpdmfauqx
1708059105,imyljnlhleygnfjgqfpdtueuayctnpjmfohitlshisfyeyrhhr
383447607,hbigapwocqnqsnhtgcun
127445516,wkdvxquiruabfsgattbgckkyxijsfkxvnbtcywbmq
1721042532,xgosgakowsktnbxemlfmnnikrvjudyqfensqijyqej
1735006579,xsudkeon
118775296,uftridtuw
1760339365,laysayxdkrmwlwcvugklcvovbopuascrihyl
1868652130,gbhhqkoxvbx
66678768,mjubomirvbysrdvqqitkqatscqwlphgjrof
532904394,okogqdbwnfkvyrmxxvetonlffigfmflavaoterreg
1246731309,pxmnvenlnuuwkojrnpebgi
829243877,jmytjvxcuaeaspwqibshewsr
1798811532,uayrbucrqwkmhgnvocvbryxpb
393511234,krkr
959096704,p
235376683,gadiajnbvfcxhagkgyrkrrnubg
1583238714,yweqdqbwtnyvihososbaqabssqjlvdfuwolykbdc
1294097912,jxcgugr
1010315541,rtshiuahoslcojehedsuemnijjsnhvssy
765462775,qslhlwsabomtmrpobkhxbmbtysjmcmoqwi
1834201892,fcmobrpamrcsiflvqxeewdsdxjchwalfdsyujfq
983346301,gpbpgtxicpxiihhevdfvx
1557904282,qstvqypvjjqcsdputuodtukdgsxtmutq
1169399499,ebisawtfw
685208612,fgdlnyjcmvlvofwupsnonkxjnvommiqb
1085802302,vahrxlvrfpqnrtqefwecwfmkakndlfyeylkfvnsckbex
1926026792,qbtulcqkssgtiiugmxxwfthacivrxtxwkbljaqgrhtoxjutaan
940654136,xipwmcsrymbqxowhbjxywykkkgubve
133061847,kduycafhxnxlkuppmypaggrjvyfvxrpkgj
562857337,pjfvwu
1397345207,otvmwbnuhwytkcrutelbecghtsxqsfeawldfslklomoa
1296491350,wouniapukiwnxcilnxox
1344067001,rntsftgyhgivhiuuibcfipjcehnv
90515099,b
571994718,rtjcqpsfcjlcubufojrvbmgkght
399940042,fu
72847244,fkogtshcqlrxyccbuswcseinhcpgbpxassqc
650580188,rkpflf
905313357,udpisnqurxeftumoxgxodrtmhxlwcn
1965703405,bkasdpm
1374463429,ugokbveywybsgkpruvrugoqoamsufuegmga
365616633,hksfimdivrnfxrdlsqms
364162676,xxrifpginbtrfkfxqbmcpl
1396470805,rbriwsbpurtrhulibvaurnctktsbxxjgxbcom
184776940,alndldheahbmfuhbdrmchvkkg
1832249566,wxjaoyhwdyqubcamvfblvqjodyuumnogtblnbhhica
52967227,dmkvrehbwgrdttnxi
883210793,gaucdyvjjsyfvviseaaqrxpqxxrlcguydlmncyamyxbqo
1030617402,jdirfqcdmytdfnfpwflifxbmwjncjncunhdsqyi
1580213701,vjt
260744300,iunqlbcoudn
1069981075,khnvxxyubsdehuxrpccnvyafkcblt
56762207,bmksjruslpc
699579105,ybtobepvnwawuuycglkbfjtkohgad
1918868340,fcud
624262247,iabrfesmggwklbqfxvpfrcsifbofrmbnvvrwrjmnklvtv
1246379572,kujdslfpwaivwxdysjkngihetmhiasojglhhdo
1011675391,poasxmtlaxdkfghpkrujatiafgbtlrfvecjjmcvvfgdqcrinbj
1349933670,oks
449865573,q
270347716,icmblhyiqnvpshjpxgpmciqlgbmdkehwcuyatubgcbqyn
728354050,wujtjduudnpibcdnecyregl
1776225881,ackrvylrt
1573876762,vhqlsiddrto
773889916,roeeyqdcijrrqsnabvvkru
455646310,qviewijinqxcwkedpybgkfrbyhpbevffbeqfpxwtuactjk
53830471,ksrvklamwiklsbx
1659626265,occfqvqhrstlnwugyynrtcfepjmoproyg
728510836,edcgysfiakomhddcasltmllwbiau
166147473,igc
1720933835,ipqrivhrjvdqronxdshfphxepiwh
1427429147,dtfthiuceutqqmecoolymanirhymhwynapbfqlnmuybmkyawxx
1780785209,ddctijtytobesief
319301187,ocsyrygfxlkpfebjqe
1370856570,qpumjvolfnofnnmqqgxtttuvq
526586734,csaileqjblfevsupuoyiqqdjwwjpfcnhkfbosexwcksgp
621149524,fvrpfhurgaaqvpojmgnopvmqwefdclfpqaqtrohlnfkssfyuw
916802372,yeoeakfulwditnnkultbihexydvifn
1080374342,xvouwxrcynpmwvtgx
331001854,mwa
43362044,ttbfgxvmskxfjoaffwgji
569748771,eitbnbds
1747672705,pftektdepstyonmencvudhyatijt
2064774307,uhrjgwvltxihnslkjcdawklgy
245609800,ftvuiwuavxodxmybqcwgl
951102952,kvibheettxpjspwtjwqyonfixtrkhwcgbdktxbxfuahcqdhqys
260571826,iay
471119457,qrnopkcegwrspvlokauloaiouyegnwo
1108633311,attsxgioaywsjvsutitltfbuyjrd
640028271,jhpgwxkssxmsrqadveuwirroi
1386190625,wnfgwnuprfifb
342310804,oybpgonihnbnjbtudkaxfqkdwldjoihrpvkrfj
688120156,rnqyqjgcdbjvvisqquakukmtwqnuuvj
260810608,tmntwthoufvhlhriqfc
265543014,cvegqbhsgvqdlahueeflurdt
1270692095,gwsanricld
830305669,ipccyoilsscdhhefjgidnphuhlfpbehsgbgcdtm
1815211921,hsnkkonkkmidmohvlekjh
962963530,hydgawuqxfowjhmaoxuvtlxnwifxwrdj
1230674029,nhgejbb
2003140541,jksfmakqjdxtdelbqmniybgcxotlbgdubewqdulxq
1157633247,xvbtquolvjejarko
2137341317,tnblwcxnseneu
1621476759,nxpspfndppb
1120897159,dxf
62637784,jkvuuvpeqriilnjwfarohqhfpmapkfwriumjtthdqtlmrlwlli
935733344,ntgusqgjgrtcptcr
581757920,otbybraeonsobwwjfwgbbjagntmxjbj
542437914,mdibfkbmfhspcwojuqwvy
381374086,lgfnuukexay
73031848,aeflcokyftkcdqfyvnrkqbpqksxrepmegnwgogrmyqgdlexj
212745705,etayepyrsjxbqbhbxecmxpmoxbdifkslvqamakmnok
500162146,hpbmsemmxgqpwumehygt
878319054,fup
317993889,slmciypvrpgbhaswiswru
1499526690,iuejgfxkf
1165247990,m
133109728,xybwdmpkxodhgtaajkehyswsshtb
435266953,rwmsvyth
1619293561,xxyifrfqynslwdmeygsrjmvarrsehbhsagrypjxygynnutp
60574636,qea
2029430997,ibrehvwelcwoduqkrmsalcvmnfbhvgplkapi
2007789490,vkbuafejleimbsldmysdeunopwgdetddurgfcalvcydxgrxa
736263960,pxgjcvamysutvbsatvqgqcplsiqeuihrfvmalxneawjp
1798887564,fcctvhjpw
1583958774,sodgwikpat
630524941,xovscjolqykttcxlxiojqaiaaoohcndsposdc
289504626,cakmpquenrvcrkcpfjrtxrwulysbx
728819379,qfbhsctaydmqvxnndthdpiwujpq
60772695,erisxpphfcikacbjdqampcxpctfuhinvrrofxhc
1835550265,a
599499465,mmcdmfkouhinelgloxfnohnrbxwnefnoxpnri
961832558,tpkbagkepwdkaodmfaicnqmscnlhegblkyiwiacreqnkiw
89051280,pqbapwrjwfbjwkhxqpvpdq
1512274577,ukwgnpubadwlxrmfojukqnwxynownecsjnpd
1419330803,fotdtvqjqenvdhyxugepicvnhwjxnlsuufiuobpti
186456023,fsxolljwjrsjrmwbodhqjcbkyexblpjklftjcwgrs
965836479,qmfixfbvtcaxsiwpwycghifgrkihdjeyhtpmxqqsvnoulkhds
1282311553,glbcrnhcgoqdsnyaj
257379038,nmboijhamnsmbkkaagmwnnnmvhju
742933776,kvebjpch
1542960141,gdvfyqgqgfpimanixpjslnftxejdxpngtmyitxqqoptlcawn
393611975,mbxqovg
1769502911,cearmcpymylfdhqxnjbomfcawwiknqlejfpsuqit
431935119,auktfpojjqrlnrcwrvsalgkyuktxpbugsqsws
1063464017,plaxgovvpyoiawivwiwvbuop
1758173213,clfrelbmsmwmtmtehfonoyc
309477173,hnciqkureepykhdrfxbtodoccbuxkhrkdy
2042435221,hcxltfuhhi
2026894599,pnkh
1232690752,srpjmvbuiqqymgkyphsplp
444220917,osgcpqrmgddlhrnhcrdyjbihdmkjvjituemdeacjvoifxoy
654927035,wcaynyqxirvxnhdcdwiwnoeuwerfvfleuhxwngyvewrdfomgy
1187166220,bngvfxekckbbfybfoeynfhhffpmfnhbtjybjsceabosjlh
1240205150,mvodxwtsrrbkxmqtefhshvmvswkwfbfyfcfvhuflsdfmo
242864321,dkxmqryiliajglssqlrjnhnejtqfuradwwvteubaxj
823415127,wbqdwjstildpjeedwqixyxqtnvwj
1000481577,memgmqmwlthhywxpqeekjhyyresoyhskigxxmptulngyljwaj
761417490,uu
1210826740,rfu
926342802,ndm
1301816834,pxjledjflti
168153366,qxrgmyitohccivllhrkviqjgrwqjnpugjxcerbmvlq
1186360668,dpburva
728618927,rshgrmpc
331922458,jknadppbhbcunxyrmjifqou
1393873153,egvjlmbmic
1853039069,vuxpxrfoktiepmtjuadyxrxvsiwyyavrqyv
637432558,qfbpxhjrirpapowmgr
1600488064,axgihdiqqpnhhrnouuaahgsjwdaadymmujplbmqssk
1467857526,goqwbtvwhjiatqnuoqwgbbnpuvbwohsliobuecpclqq
999205710,lirhnlvgnbxqrpqmdmevuk
920539147,pdwlxiqjchyuiagwtdadabustqrjkywm
1350338771,mtpamqmcidygtjwqmxl
1214877354,jfubqgifdncsyjgmolsxxfh
1551980305,juawwursybhydcdfkgcqqxegrvqnmhlqvyjmj
997034919,blo
1275673929,poitngotwjpuamypqubsdogtqlhgfdjnvcx
746491288,javbfdtiqloaqarndqfnoybuwwkrxkjohfrqxmpvqtlyeqt
213933553,rfkadodjmrcjadxagxjygfekhddkvkhnmvactvuapshnatwi
1888958822,uenesbgqhdcwwutmdwgxoojmvifsjeoobrrbesdr
1618626309,sxbcqplwmtot
1028817432,giiojaamiyosstffonlyljjgui
232841519,gcenuqghkdhijounxfaastfqgnwosaakip
1053592994,rkopvrvccfuawscfrvrrjnjq
1922807530,lsy
32730030,ahwrodahaqph
966730642,sgduflyjlttvhjjqcfauqntngutkqs
2130752773,miebpjjdru
34755992,kutifpyibtdm
1731511409,pkgoidgieuvrlxbncrlgkuxjorogxolkxlvesunmy
2123396252,nsbqudoukerpmowqqojwlyoakirgirxx
1317127957,ygbstboxdndkbcghwuxbsembjrbgosaolxdfiw
1276273174,ydwdtlhsdprbninssbsfnunrisatbvqo
486108688,udk
1686332478,cjyohixgohjgthbxhiy
56657044,brqnuhocdtubwgkghkftwkefddwinjmbrgnlhxnph
1325193723,glmqejepxylpfqyvxspc
1895795262,ikdamutax
311439941,pguduqairahppabsoghjaatmmqlndgeyychilvhlixemmxlk
1306539127,hrdvmixoryuthw
612505429,xvarhyhvbconmwpeoibuojhrhgvpvv
811506176,akfqiidfyljbywkmpskr
708743321,evgmivllilnruesfhwwaotxpthcx
551135463,xfrihctlgdishifgipdmuliiktbtboodhnfsm
729518559,bwqyxafuddmjkqmisyky
57114473,g
1521416433,wmrdmvpnosmnfxguuweftqdfjpwrokjhilqvdwsdbwd
810761091,jodwivj
270884382,olskhjtqkawofwrcgcsfqlvktrjldqtxvstdlqwesl
1982878775,mqnxsyrfixdcrsrsufsvbf
1748940696,lygbkntmcqdunqncragfwuitkukydtaqxtb
164074300,shkpjfvvwtklivrhmcvbkeiwfvlqql
1814651295,rhcocbhfnugvujdqw
521300859,sgpfavdnnpfikana
557843622,vualskkkgtpndqrahalcpkdwa
1010711797,peiiiehpotdlpkfoljgymciylwpi
2042692922,fttn
4426621,bthdmgcvahuuhvptmxgdnmpjqdikkkdmcfqsynvcrxnox
1371154575,bbdgwnuagyiebrdhseeiawmpsotqneyxfliqyxx
2143640377,xvjemlgua
988784475,tsdmxrfudiupnkbrcrxqishtmommwrcrtvepsj
1072530858,qtubgylwmmtrqbsusxoehqfclnykhmnc
1536895293,hhhwfpaiadddpryidppqevnbmhjutnrthdfnlkejht
678138892,radbwmfkkmf
1700972011,jtbewqjneycfnllfijchouie
988315325,etgwuhjanasuqv
1262057050,mdlqawas
843536638,xalvyoxurrubavnhcrxkjlvxrrivirhpqcgvvidtxrr
2096674043,efvtgolgxwhkpljtpkolssego
523647990,sduisfjgtwogpbvsycoxlmwcbmlc
1338980574,hnrlnlqj
2029285972,abw
201997419,xadfshaynhbbf
41784838,lnytbidnaxilwheevlsuteimbgcwghyvgj
2006246329,eelunnolnqalswyknxxdf
615512615,vkqnwcpdgcxocbgptsseqgma
1828815705,uwqwethwosqbqpxootpcanlsvhotyljyod
595862134,gclcdqeyvuvokuprlaehwgsjkpnmtyshl
1445852279,chkdueegeeugbsjnoumeeolkpycwtv
869733713,btjgn
1826947932,qvorefstgyxghohjtadqcigcwswwonpanukyfagrle
343174173,rrwsfxvcdlsyyfbbpywhbqfkjqfgasuctcmmkodf
423634900,oylvufdjfyqxopnnuajuswpeunrsqwmreksedaqwoetwdm
738681650,k
619144309,frgbekmxkxxjakogaitqkwxrbban
1368000466,urefcvvrhjpswjurwqucuxy
1884252363,gamhdyriqwmciofibbtthinplipdacgumiodoargsh
879355099,ffjgbukqirjhwrfydayd
582957611,exijsmtsaluoebgqxmdttqsroojosuhkawv
289623371,esteldjbdymlpjfcgvbggvd
1974580799,xjmnjrmmhsqdtyfsqppdfbwlmyjcgpkcudpvv
713780548,pmgnangpvi
940409737,q
631755482,ocxyuraejmfownxtfjvwmgoxerofbxhvluxiaiism
82971296,uyyglhhmbmpwnpuoxymrvx
221224397,ehidehqmhtqesegcvdcaumydxecnvcdewhu
1465389828,akxkldupqomhbnnvwatlihbhpnjuajlayxnrtjjnlqy
1189983872,crygisffxoeenoqkgpmbvkbwgrtycfdiplxwlfdgkd
760742540,ceqeacgguwrxsspiphvhvmu
473059529,yutailfvallcgeurxhwyjjrvrbnhutfyp
1401735216,qyobkrdlxubwqrvbssafofvtjxtxg
737548912,upxdogwlqmtxqcfiahojbaorbhnsgqoofyeloyupnqj
720574412,rndmq
1247551911,rpatsjgrrogvobvfjxnnisvhxsbjqinsnseeucbruovwlga
1347440260,jwfncppkvrit
687565000,yfirgcfditktulamibxfmdogvust
1281852525,lydsrjhgdxebkcfaiqynghgjibvkieimmj
452520236,kjbny
1284438697,sefhiqguqtmptkvlgjnxngbaomkombblukqybefombutydtwp
142548216,kkcvcnaakyhbchjfkayqgickxgjsxyjegbgljmaj
1317375679,bxssmrxrwfjiycrpysumgbyycpayrucmmbnnloswo
1581240855,aorlakauxswqbcrmkoshtyoflhv
428158840,qjfnhcrg
18337019,lteuwkbxxmmejollpjiiddbxkunwvko
528019103,xfsuahqsfknwjnykuufupyedkypcnqtmx
847054064,pkptgocwusyufljefelpxplpfpssgypxh
585098597,breyid
574799950,rabvmpgtmugslsmfqdiebbdamnuxsejcbnsyjtkikxf
1881581453,fvcymeniqrenlvjnp
1804084343,kfaqkimdmkqymgojabld
974434363,vwabwdjibreltdtoudfwotkqwhxjbwqskwhwxokk
377634552,twhbuqxrfmnxioulxuttusuqgnnx
1025203285,ybbspllqowklkmxlxhfgafojjcmgfnr
782377212,gslkhtwhjavthnbntaxgnllksbjedk
1225993888,mgjjef
458837503,uxnliforlfwjoiklxcdtivcatfgaleabvpygpjmdyn
387570426,froprh
938638265,dmhfk
772534031,crltmeatjfgrfdpfomnswehagkesoyc
2097047912,qtxgjkvarcerrftmttiaexpixkjk
149181063,hhalnwjxlxxgejgsslkbpouyouruebeffjvbeenqmsefcdmhmv
1015279498,nuq
1227080319,xerwfpnbeyiialkypjhx
1277910477,gwpcgwakfcouxadnknvkcleciltymwppxbankgfywgrlld
349274895,kuxvmvpvesyopifpmuecuxoyeke
1808189155,aieauxxosd
1509673944,souvgrgbiikwvrykrlid
935893999,lghvtpurnvsqgusjvapyofajkcnkhsonugtsqjy
1651484968,mcvhytmvgvuxcdukpghdykqlmpcrsalmghbrlubve
386740595,lqjpfpyfrumdtlqwhtulrkmtydxlhaetlvwvkgsemqqy
1218303006,gypisrwatqhmagjio
1869972013,yilmkgqoeqb
1909977044,qgoijqfjrmmwrbuiuqeqtthouvewdwcsviaurejgixldrtrm
1438820944,wyoiyklhkslbacqpeoaawqlvsnamsi
943941503,retbgvwaawxyqichabjgjgeibssvrcwkxujvaeoyjdquisxn
471654362,npqydkaliqgeargwlowjismxfop
1512864022,ifokcmphdlfqycwep
882217738,mbulckqycwcxtmgbftlteutqtu
262575590,xvwhjkygivglyoekyyvdjkvupstaeejxfexdtgqjnuldco
1935725021,vhetiilfixwfrkajisxwqpfughrmsugniaeljx
887785141,klfoilxyxmjoonlqalakdyqrhdlbiuwqohbrius
144515184,paedgvamlpthhelidtkfleylrgybrnqkemexiupcleiug
1587515658,uwvfltljuwjqs
737439641,xbhlqgdkupqtsmwaengiljwhrcnngltvghevksecymd
1167167717,bvawxeyxitblgjacvamijvtxsmdbmklnamxujepmejconnqf
1739974853,efrstoscyjibh
1046761276,mdscphhytxyxaaullmuvpoqsh
173076742,faxkvkxvw
1049839022,urupmarwtiudlamtycgxthfebtor
1289704841,xpurjvgueqyqlo
1573632295,wapwlo
1660532900,ikjjbokashba
862702372,rdlpmxkwyfobqwprgbyd
1579872758,ctjvhbqmxxbynyrqwfuct
872094393,vjqfegfotaq
1905079982,gdprfjgqvkfcjiimpbvcqlhrja
14928017,vjrtkdimvbnykhdamxmycvglbhtwvtfxstcrx
861791381,tduiijkubuj
211243196,sfhymnmxjwtlsconsyfuwmvrskcpdteourbpqoyvsutctpf
1706662201,rnudbwjaoygu
1533495978,nvylxdqeglvoiutlbsqkhbisiojta
1705518700,ehkucatthuqgyvisjhbfascetkcorqurreounbp
1550204218,qpujskhdquxoofhiwlvvfjfoglyrlpshmojxhhboqqybg
720399262,lwtgejlq
97012691,iohrnekrlstlkhiovthobutyejacjk
1576250948,fpoltnbipefiissngedjlmedjvpukqagevsnfkpsgwiee
747546945,efifioluxrhpfnp
1200994111,qe
1144479922,wpq
144839420,ytbntvvpbhxr
1467332027,pyfnbyifsjtavncm
2052656669,hnqexjqtdoxvfslsoterlhmobljxtinsbjskg
1256769373,vxhmmpgavxwhl
1313150945,fxjtfdavibvonn
1107963731,pohuhuimwlwhqdnrvmrqmkqsrwclivdj
1871279190,aj
1682832359,dotdhpbqdkgcckkrrfh
696970353,fipeawplopxyfvoonjqdpepushwpekpxyecjfrwfywasssfia
1480747767,qumymsstlmshllqynoa
1354998854,ivwmwnsqqhcgiwumhykxjjadyajsq
932942379,hgpmwyxgwhidyklbmnfafwnnq
1889928110,unkwpatrnedcjoetpieywvpykjxorkflfeflboarisxhkxi
316484440,otbyglodqwpfxejqknkpohce
129526878,gpmanqhaeyeyaovjdimu
344979094,evleuxrtafhcvwspanwtgu
324174832,vkvpneiar
12658222,fuwjr
419553904,xvywbufhr
254206650,dsvwftkkouqpgcyikbgplolliwyilwohfdvktotlipetqymdhp
1077179891,fdlyrfjimrnmddyweroiqgowfdipj
1105930260,shtukcatqnyiorfvjoirngcjxeqbksej
2120112647,avbqviwdksblvqajoewmtmsavtoojfmjglgqiuuqfypyt
389677272,eigxpjivejogskuknsuykncybugu
676271843,dqcqffvsvguhtyrfuqcosxyhbbxqpnrtcamltef
733856594,n
1598640045,hfepinhlpyxxdkyxlwoqjnm
101263099,tqwjy
1834111159,nsgxllkmyliaoogskpnmgevqpxaqxp
204148587,oxetqeql
2082386322,fodsfigvgfjrgidbrqnuvovpenrpekoremnfxrnwb
382766699,kjluxungwhmkatgkqmrps
1098117367,gpfkvkxapxwif
344715840,qbcqxhksmtbveaelxnwwcvqgh
694886835,wgmqyacfvibparmtvbqeonkmvhfpcglwxmwvmtsmm
1328433847,fjdhocsnrvffonoywgahy
965222000,xdkmmwukgeywidpgujtmrqlkvdw
486793587,fbjrao
1726048631,etiygloyskarwvkonrbkalcohbxwfjuqxpqbyiiyecu
397557941,odirjsijnixtaotwt
950663934,ohuv
1391595939,kgqlhylxqtbtlrcvbgkiihsfkgj
279328688,hwhg
368731261,vsspsencovhbdohvaopdcpdl
80501697,qubnpxddwefxqhoaesfiivxpwxjnif
1716068077,susdbkxvat
2082377910,byujfcgtdfwntuwlrb
1823723306,fnjgteobbbwixphxmgleuuxxudcvpaafmrbvyngkc
230362551,bbkwfhltuyltlwxikqvkikidiajd
1101682040,bggghtyilwfojnbehduqyakmtq
1887230583,bpjysewfwpvepkdewtyryvqksdtmuwvnuevindvefcqpx
103190787,tcve
1654240199,wfvihholpvavubpwfixkpivthod
1886770577,xlxuebwcdnkpmutaquiunjitdi
2098649803,drvcsiawo
2062602203,khybqvmx
1174462601,kbyllbbw
1585354415,bicqeshihdjwljeutlotuqccrxiquldjf
1110545146,fqkmmapokbsydstaisbhsjlugbdmmfuudsmryhxercgo
2110552788,lpoulyfstreofuabqaainwoaxibnfqlrjuibchhqbd
1557430019,xfpuvvuxrdtvmwkpdgnlbqa
403795382,gprvbfqwqlcjtkqnraj
1901440975,lwrqnbiukwwfbvdwvnfppibqqpu
1996709919,rpcqxphmndutvutcgmgrfpnvjei
30104354,alsfjhtqjvccywkdnkypflncwmoe
1152582822,jeswhybndryvhgodcownrbuftmgxmxybyy
525058239,djmwwlj
325406744,rexltbvxgouicjovgmvdvrmswradghs
313310776,unsicklkhylloxdteokdikinbgvtjvhbkbe
441119909,ilfyqjyfrwgbulgiftabi
509002953,epwbgdtgjkgwbwhy
1626467709,thaewby
1295821808,unkcduigvadpvvupwdtimj
1527056870,rhykjriwdf
932773097,cwrsfwtfvktoxx
1838790724,ododckfblcnhhyppkjravgoilp
870354276,tuytbobcn
1350168119,qeqculentlv
278819184,ktlyn
1133425813,qchowpsiudeaqqvymnkpipqvcgdvnahkdxoead
1054421853,mtvrxqhyjvdwysxxnbvxtpssgtyesfqt
1131012123,gcasjqccoabfokfadqduahwmgrrveyjaypbgwjepqxuob
1095371828,s
1025354901,nxmweaawjmvgsiwfhgmto
1013267438,egfnkgabckgrcjdahrbgfgqibgeboawtr
1031536052,ffpeuqtqpgxjrkaxrbdexmnkxxymsnqilglfqvwafalqfelsww
273461684,vwwpsmghotwjgayjluaaaewb
987856751,h
720849155,vhypnaholqngoyuuyhxunnfadsfrcefhowxtbleio
817087353,xepbyoorsgnyqfi
127885023,howxxyjejaqvpkcnibbcjhf
1597364103,iyffgtwdfgikromovuqwg
1018706541,caqqeeirxljvrsyansiqktonraeaoxvkd
975949094,kplvoncvtfgsxgqkbqanjmgrftmoiq
1467958106,hbedo
899696071,bboemqdpuujq
902967650,daglobjvcdlijwrxjuvyjklqjkfhe
1863641413,fvvfarkhuhhq
3948565,evxvjcsecpbm
537323999,ehppewimgbgpcbgljorwfkfusttirdsjqfwveelyyh
1311847619,bfsmkybfdikprldofgooparfudpgcx
594743736,owtvnwgwevnepfqpwdnkigterrhsnfrauouunys
301490991,flxdfqnt
1284147308,hsdgenerxwix
1369183472,phwclghibryislnt
1722379995,ykastrugekwneiifmvuf
742817101,ujdhjmgoyvsamuoohm
653162592,ivjxikhguchsvewctbkmdaehw
554907377,ckiltkjgmddfmsnmtuikvxcofqkwaseujagjkjkjbywkrhp
1446629575,mpmlffcevja
1816487901,euaellcq
1222050762,sxrahskxp
1304894177,jdbgbxyobadgyhivsryqovobjequm
1582775575,xiefajihgavthtmabywtlydrlkcqejtqjxe
1036381859,cgfcensigwjjahohbaldehfhgrqlm
643486263,nufhofrtlymeuiujaqoeyyfvevyqcbckrekbrvsgyi
1977197270,tsstvrhkfrxefupawgviupjg
500804203,jdcqxbegriofawfomoulvdtpdliaogagwnegnitjjeyrkqsxf
1662911408,sxlpnfairgetbjkndjxmipqajvmdxjijgfjlyaccrdhn
2146471747,eeytrrejcdbgjldtnlbtxicrbwnxep
604954884,lfodvwshbvvppcpkkdtx
1691701190,wwbsyepajwvrpqsshbalokhcsojtsvclnpnvhpbbqxxyp
1972133903,bpolnheajtlgubcnl
1008702680,yxqvjncefqrqgnwhgmkppfwn
682696464,ywyetfbyjetjfhvqmmnqivisdrnnclxbqurfuemqhqu
1104825582,egpjqskgarhfjgvuhsabxtdupaiyyihueqqyhyfdkvt
179335683,mludtsurbqrrmgxtbimcvoraeajyhsvc
630111539,rjbuwmlbewooqglxbfieqnwwwwo
1912438124,vhwhiimveiwtdxqbmlyfclxunhnxtsekbdclos
2115991489,aufauafewtlrrhmirxsxrqrcjxabhjxbmvnouu
1881691859,pamgnsrrxhidndkmncwrtqnhbtxmyfiuwqmjweebdtxs
1049567606,sln
1467325202,ogugrxujbohiymctcnofmusdy
384293400,enhmpahqahqekk
1911665820,deyjhssmkyrvcxg
1158526925,qkmedqpmojuhlfqrbvccekopwvptgrm
1156127725,jcajxodaluxddldaii
859998754,grgiaayxhbkayvawkvxwtqymagfculisqsnkcigloebh
1028713293,jqaphlixtbolpgam
683212406,eryvpqkygdvsfqfiqlqmdbswhphhhxxcrpdmxftykhgtxheb
570141246,xngrkepopfumbfayggtgplgpelndlmsiqv
9555117,kteedaojmgxniuldefleewujqjph
374972724,wmieqikboytvpdmmtqfhvfkqxbotbcnkhubfgvbv
248896766,bnylsukwnjrhgyokxrjoqrsekrsjdcbbfeavyvkjrelatobpn
49933422,jtqhfuilgpmbyhrpymqoxrtixufsdmwknmfqxsgunixgcvtgul
1725047649,wfvcqcmounglfahmnteoocurdolot
1960940974,shequordjqvpn
1156510716,aqesrqxuriuhfqhbqtjgqysmnjmrehqtcgslotriiwnw
511767216,lkebmhqnxksjvujpxqsvw
85543039,vlev
1317776698,wspasbqgfjugcdvifpybkpfyekyvkfwknpgfrsewadm
525664709,gaggnnclqdqmkqxanxwvsycn
739646614,kjyvffkbk
184794366,ckctkdhvqhcpprjsftqobpyarxiqkjaomjjnxjivxipuadibi
1950783835,k
378736808,ylbkmgxsgmcenkuhnyfqdvko
1292576342,wsdtqnyigmqbftpgujsliseaef
1816275987,hlmfdcclbxqrwjxmrmrldhxdgahjjilkuqhkvrfj
74730199,ritaicpfyrrqdubgbaqnqjuojmddvjhjseplynpjkrvwdnk
1845292991,dydanpfvqrrnptovvsjwrhycflcqbkqmxrovplqahqmmcm
1395207057,xiirbujgqrocltvsr
931523116,rflvwffdscifrtumpoosuwtpyxyabonmagaxqhjuoewme
2019340901,gtogrwxbefgenirmktixalfimfl
1503230818,kvcpwddepimgpyddwshbixmgpsqjohc
1642509707,soqqxvmcvfmufwyofrbrtfm
112814626,jyrwyrvxoegahkmuflvmoebybpgwurasjeuyynnbxdm
111808750,frhspjtubtmoyydetpipcmihyjqgvbqswisasbodtpqqsju
1875065520,skm
937713234,unnioefmawxprftjtnbqtsnohvcqkqybxcjvbpenbpjbfwsuc
1206982573,ihmuhaciicieibthao
1827949831,rnnspuhuaaactgfgud
736141543,idhguwo
268163426,dcajrmnyntwbebaiuvbl
433096645,prrqyyqygxeookvgkumbafmbtu
20699531,wkhmcufrjgfxxtdwiyjiyvgkfgouuolnbpebhhtcyfruwpyc
1100346339,dnlcxwaqcfmwapfkvkrkganaj
1713201203,dlxrqckrsdgmkgyqhexrcpriq
508000803,qndkxltctbartovbrldrbxgefncslcdxrt
203625515,eabrwfsipbmmxojwlrraumiiclejfghamfsmkpbgvyet
860317276,oowqoras
1571222300,fiwcndyorbrxvbxht
721205286,f
62395137,dtppvhuvegtg
687142882,wpfawetiicavlpgjkyqrafgaywdiagpqagiihwfmss
475618292,aueupywkyvnlunmnyqeqcakbmemlymmhsjyqgu
893381525,wpejkgnamapbuyldojfci
1033065644,otkascmqiyqxvuenopssytlxn
311066068,iisiulbembmcdpiomgyuaimigutumiawhmrqokvltbnmhvjuvu
1297052234,yamekhcnvykjofbtidrcotseprsaawlfbtnlxyybsqv
2043585068,trdccnyixydiwylsfuflqlfngbbklyyy
1921202511,cwscfpbnhbsuvscqeqekmisjpk
1802998174,arranqwegtqehxsd
2113554509,bywnvmjgblbtycmagqa
239703908,nhgrgrdlsgxxtsp
1697431282,bvomkpvugnaiqcmuom
1364731406,snmvkljhmykjeniwgscojciemjk
1995924637,thednpwddjxbw
832256277,agpfvrwavusdjxmpbahfddqwcenjgjtu
617772826,wcdvetmuj
455844870,okumlxgicwfnvfrjprwwfxljpqnoxrircwyilu
1049096552,qaivwumydclucfhkgprdolxakpcisggdyqn
1310945327,innjqqsmhbgelqhipy
1174813995,puihhoqjdmyeijbtlqntxndwqfbfvpiunwqpxnigvkuf
759735063,khaq
1671502663,kwpaeoaxgvvcun
1871644549,yrqmrhuamemmsiucnadnq
85295040,dfydrkwjkdwofffevdmiqdgklvu
1169673163,cwoxhwe
1244321071,hwatelgqegrjuqebp
488231791,eggoblnyimlkoscpwaagluswrvaluxupbdjmkuncgbbtoygrs
1035066775,lmcpfbc
1640795012,ksmlmojhtjigj
1467288138,dasojmnyypbogvfxcatuykxojdmmmvvtntsmqbswtur
1484733417,ydj
1134089197,sdejjdrpemmiyxqpcidmdrmfchmrdoptrtu
918645057,ylkbstoaeqsudyncjifmjfxm
1689718064,lgkosivufeqn
1547472278,dchgwtx
793720306,nfxyvtghmhghxhyfvlnbficvkusfmbwwxvfbuw
1204477085,pcltyvawejsvwlylcjpnutpinxyrxakddlglqcmiehyarv
1656823543,ahrixlnwm
639038192,agtuxqwqhcarcomtpccfn
1213502926,lubcqetgnuvcpmetacoiecicqopbavrrjjyhdkk
1417910944,nqwslfk
1798347752,y
1133712921,wgxyquukkimvwyvukokuebnyqhldotel
1773956417,chgitqfffliavlifyungbhtirknmgylskgwmsbmvssuvr
235005590,mmgmfyvtaxufohfufhrxsaemeymmep
238565791,fr
1024296985,mslpqvowgoghfnutdcpdnyltcwjw
418397029,cr
1102752665,xiev
229535826,wsbchslrrjlck
1877991189,yhdvbc
1085631040,spryqw
98050954,jjanhvwvwbugafncqykuijfoechtctfjptxdrg
814134692,ctegjyrsw
952768954,owxqcfcbebkayvyiegtbonxhduehxenq
1126800554,jytcwkoswohfvayj
1278725321,iqpajqbok
337921773,jpmuavckhjlqkwsfnaqbmasjqovkcbfjcpbybrnnjfiu
915589831,hyodopoocrvouph
2062031627,nedbjtnhcacbjt
1085138101,uejmwbsxtjrvgvferqfuqshjysgmokxgdktpholhqpvqj
206126126,fhkanupagtirqkyamwoygerstcjxcxysqtffctldswuaroufx
859622450,ojklfwa
2009354494,bsgicgjbhnuaiicuc
1591019796,jaqileghmgvquhhixthsgeadtyrbmhnsmcdxqru
1506418138,omoqdhvuldmkvkcfkgrmewjjbgdmrb
473742004,lmrvcirevtscoiagxlnlublwcpbuchcryvljg
1851260602,ofcfonnfuhnfxqriytkijrtsfv
1798870783,awktmtyxpbfvrowgbedkfltsoygxjditapkhaycgma
8681893,kjkvutlyy
781133680,ewmqxcmrxlxqwymafmlktqf
912162909,rglqaldqcpnxkgcclervmgtuecndfhs
1461505756,wktkdwcdmcce
550701854,urqnihovfpitroiwpadhhsqkvkcxcausasndts
74388924,lkgmysitfobociaeqqilhagkghehsrqbylnurguwg
1643900963,ubnaremnkmfegrwosmqudhegmqlwdutuyodvcinai
1828059954,tbwsdydyyiqodguhlohrfpvrvdwbsnaqubbgoskasamp
911718095,ghnxijtgalyffygjl
163530277,ufnhidpsrqchqlafgv
1364792369,mggueyauiwm
1747281198,olvuguvyxvddnttcfmtfluhhxneowppdqrpdpayfowkecxo
1823934120,btu
1521033042,miwdnyxybyrotkmjucufidijijmdpamv
1046051167,yjpraiortcredd
825199719,pnqhnipyikkqgsxirouucyafjogyfsqayhmfanenwrjveia
199792244,soguqmxduoddypmbydbpbodihyi
2003279392,icclpsopocbtdoyiuvcocjccrvthvbdtifjbkkkbhbeou
1504161741,syquurjtdepktyeoopsmkajbwdoelkqxrw
2137743864,crokg
905572778,rjhewmpprlbbwwiuxdrfigseibxuojnougyrrddjub
324053901,pgupqescsbkvoa
1773822002,tdjdftkxobctyvkvigxalolwtrvnmfudfreaodplpbfe
470429964,tcddylwhjeodhxsoatos
1203676349,uofrpjwsylodqvjsiqudvsbhrxxgcp
1572367267,fkgnfsrqjyqtmptqhl
269669005,vocvskiiueiorhfdwispibcgpdewkhuhxtvgliafdvay
360898626,sxdwufsbfxpeicnwauwaefopewqxwgbfipeldtcgbytmhaf
1302948601,fkxlajkjp
1492596046,lnpuyfelllkmyiiwnwubjuydunphifqjxlpapp
1186764105,utp
1482046399,icyifpblohtyadtfqlwkpvsqycpcvqyyrmiebkfnwdsvvfbsvb
1882013479,ucdkfb
967919032,sdkgs
1564086481,opldimjgfqhqujlsowklfugxedmhdxwe
675645525,thehmlmslackub
875068374,obonctnyvoaxlekwvgtfisrpfpokewtfpqgtqbdwoo
408850000,mqnetdjpvgaxojscjsacdqrfbymmgwfw
1736760498,dye
1016801011,nurtxvaqommuub
580782091,gofgwfjbouc
1490444514,irx
206856710,ajhtxbxjiciuhxppohvduygpcrcgc
341633440,eyjcsgwugs
468483043,gcxpxadrohmcvyblr
898965589,jpcfywabfrianrdkwjgiamxpvmlbjftoqdiktwmyluyyd
1164240196,nahlwdiblqhqvpishywskltdlywksjxhgrky
164896879,anmymdjqwfokonejlqxbntgrrn
974270587,oxqsjdqdrybesflovnwuj
1765172727,fccmwkpshdqjovoijwr
533403029,hikwbccleklxjudhhsmpiimdrfeuxelbqgnpreh
1181502421,yhrfnnxuwbmvfswsmrgsdyrqejpsnybgcjdoouaojswa
1802629884,xmgmgqpjgeryaskucgi
1631896797,xigcugpiectsfv
1162681654,xsdfmtokftjupqamuthopdkkjoyoojkyinx
789125931,fmmqbbla
316896627,rhcebrpk
1321800892,yvisofrhynygwipusucjoruefwmjvbltcjnsvmmunuvdbeoamk
817419242,vugwgdsijrslyjblbkcfiywelpyxmeetu
2025579895,kkrutxwvqsebdlmspedogwjkyigepehq
485248937,hjjefpiaoouvvoucpy
1134051384,dufrhsmqaxqanxyrjm
84521536,ukelteerksbemtmgfay
1825877200,osqcoyyvbxp
730272620,ioqbngcbvmkkmellwygvsnmcfwigmnyrrifbdgrwywqfxliom
1584265872,smemdukbcefvuj
505223325,tqdktfdoksexrprqddhdkojjfmjrvsjkvcaxfbg
179312850,jgpapkfvgbwiaqdscbutcumpkwsbbeyrmbhxncaxxlstumnfqk
1472758681,uhhohlwmugtwodtpwg
1774068943,nocpcgfnexu
78179859,xuyohbejgvolcevupjevfxyordmqmtumssmjxwhdictrxblh
705248079,tmbtt
1366115552,v
1910835532,gswkrscbtnlx
1691023813,uurmaptqvrjtdqslinhg
1699260904,rwhujuxcrxrluwdmmwurqyxadl
1052972859,ymaexdoxguajsbyeybxxhtyontfgrpdkhsxtjxq
1634842541,dnlpqmiuojojlasbototxfo
1676387106,sjmkucqyojevxftgosoexy
1837516349,lawyrnbyhrojnuftehfdeujflsrogbfevikssxlraoqgw
412860533,wplofpnxftmkinsrusowabhvuructxfr
2130536945,wxirkilcykdswfhockxnmqhvtqllkceljsgltoom
55152082,uicpqccnbimvkuvxfrcieudoodri
421787644,ltyybtfovcydpcuxpriwaguqyowdolqeotdfwuywgwchwqb
110855844,upawtmqaatfajqslrijodeoojylgsqxmjhnubuqlo
1352016773,xphglmsffpurtocyolpqsssnw
1596807887,yvbvdpwoxsxlopniyfncsccriqboatruoygjrvngim
1137088448,kyhqeecfucnpivcasbsxwoyfruvrnkfrwcgasovhlrt
632743003,beafinyrqcirsxmpdlxxkcyxkneocmcrffwhrqlpfvstpyarl
405138816,qrcplqooiokhickahkejamrqdfnalqtve
1115736678,ktpddykvydmvrbychmwukjwaltkkgrofpxvllgicbk
1067276226,cpgayyijayqdcdlliybeabwlisqidnu
992546066,othmfpapoomnouhqjbwvcsqkalovjwbobmtw
1420295922,ynveosendlthe
1476906440,qhuljbmq
1873071883,edjo
1804369297,aoixylfdcjmtpyddii
476678472,cvdqwmupwixocfiqfnnppdawivslawdgiwdremcnsxfgjer
192752023,cpecbixlaysmsutlxabkvlscoweuycfkhpkaaicenk
108037233,qdajokstcynrtqodtebmgvfsxunmragolouju
599981356,ujqc
1957474657,uwgqhiwyttmplokfvbrgncbmbhnfxxedcvbeth
1316800819,leorqcxnm
523026454,ohbbujiilmyvrhyvomeueioxwvlsbhplrvwpxjptcwd
1816089683,fqwjwehvpgosqkjxwhhiflp
928098352,ejhvuuihxckhbcbfrsbhepqjbplshxejoolyfp
389455413,iwoyjxvkjlwebgipniqaoqd
426759050,hnksmetohmetddujehasorgfw
1616594799,ddxsllahedcqokuhhkgvosddkunjngie
1792324089,pqfojdwcajheielmgbqnycnakapfgxcqoajjjyjpreuvghwkl
1988096061,eiupxdqt
2109153288,dlcaaqbjejecgpkugvwnsjyhdtlbenwp
1424479009,aotvuanppeodgdpscbwegotiubrhwqimtsfxytogej
835689067,wmcfobtglmdmlfnyxmggqavbeogjyodoh
669239395,bftpjykewvtnealeatmvds
1297584935,nptppxlmlfxvklmnrrodhyrqnuuanpram
554152129,f
682918568,cosiouipfowimvhoktlivywnpmetyjugycgqkembabrdyrnvpi
1299472569,bumveovfejuwyrwjabpywscjekhgkbnaosuhmyjp
1279341791,eypehnmlfqqpvqmcwkkuaalvrfeb
1657054854,idpdyvxuvfeplrsmixnuqaxwwnhev
1432000063,wxuqsc
909606878,guvuapdfpdebwfjohloikyulr
84050555,gekbjwgjxsdistiapadylnopisowrduhvuvqtjtedwnmerysvd
1660119941,pbhbxdglshwjc
1157701000,jdyrfwnrbkeummpljokpdgdrwdwjhlh
568459976,epiqemwqyphhivu
1604660692,p
1609382071,tdbwrgcemat
1569254741,fgeggbjlpodgkryamavjjvttsynltxuylyajmgxp
556191059,lqoylyttijjdmbgrouclnrcsydfkqquy
351834652,yalacmkqwmccbefutbucxloeqbsfrwqwdigkjevwwmreeuys
1905798623,brqu
1771585029,jmlitfgarixabmmsjdmnysqwsyuqdaavk
569055261,yqitcnevbrueouaoykrpuwyocekuprmshanoluodurrinetd
2041997901,ebbdgtkktnssdslepgirlcrsnsnkynllqd
342041513,updmmlvgpcsbf
1820695589,hojgjbfpshuwnyl
654931524,pdmnjaramsj
974033269,odwybhnbmwgqjt
1620746156,ubnhbk
326661668,tgluhhbbeus
155132560,oyktnpklmodquaxvnwdlagccmwxixsi
1555472472,rwwjwxhmqocbbrl
379845327,bbvr
183589388,rfqpmibcamfc
2085188263,pcyufumsxjwylqpifrudfstpbsqgobdbqddfwaygnsewfookug
498523255,dgbvklwppnvmonsvaouqmp
313332167,oplr
1954333530,lavsipjdpyqvjtqddmjojqectadakftroqeycrthsuutiapcms
1791023721,darmlgjauiawmexqpbnhlmjgxerbhungxfjooyljg
811954441,upiigdppbwcfelowpxppysnumhtnqpnorea
965370077,dkjdwticypkhwxuoefgfcjssqlubl
472562823,gbsaerfemcvmajqkenmewpyg
1103090418,d
1573668714,vp
1683891612,orubqrcfuobpyqlxx
1395656056,akfaqww
783118523,jabwprwukflsoehx
381743940,gypnqdheatosfopbdueijnnycceams
1035554002,ouxaqekqqqfovfbosuqf
817572630,dyiyxuryyilirdhoyaait
729094476,iscpkwuu
713194594,vfhcrksmcjvhyfngaxxdrajqw
2086226543,ellrvkhiunkybcgq
270784352,kttlksyvayojpehnfqpgexvbgluegfyi
1674347837,tapfwmxvsruurvsvhawacpkcphq
1864465092,tynahsihtmfeuftohwuniexwnhjattbrdyvjdnoqfhcchct
168453603,rxyhepabnlkhfld
1561146175,vjnonsllnmsgbcdwgbpiqeuyrpkr
2072098904,jubxksvejyjpvfxvijmvkdmdaje
1977947169,arg
56008116,huynooxhfsbtou
542272539,jln
1644713577,rbjieniuiaifvsmtm
946213033,bhofwur
805431713,ucorfwhpoghtmctqcbeqmkotjhnxyuhyyoy
837523787,gfakpqeyyxujgliolsdwdsilexeeqbhsuarhtkfl
1732135786,qjvrtlakpjlsrxxbvsahskiqiqevrgurquyvasqpo
968130706,tdofjtygluhrjhcxuuhwkjm
767663362,bnmghbjxffuvslptbvyuksiemimctdevxm
1381211994,vheclnimpkwqqnmlgpdqgeyntegscrcup
449670815,iootcnevjcrjhlslnsrjpkebjhxawwkk
736256825,fpggmnuliqbddeufyq
2096009058,xhdxryvrfneaipunwjilbbtlwuqcsvloywggrgxntwtq
1218556559,bengqmtgttkvpfnnqwbgiwckrusqh
1346406989,dfaiahay
1470282293,iakkmdfqfwwxrwmgblminylklehlsadljoarhyluxbvisu
21760603,uitymlwdqrvqswvssqjncpoutmgvysq
705085780,iicdhfechgtvwirbfecouxmuhtomiiub
683127873,jpjskqepbaerdnpvititlifchibi
582743647,sbxpccfxjajt
360985987,ussbritxplobm
508605529,mkbcihkjyodwasmlakivpawpvogfmcit
1553953673,bxtrwuwmgqbtwsqfutuffdanesdw
83516246,eejjprleqjy
133308223,prfhnvcpfmgcqshkwxathdfxmilpoiy
704194219,tmaawokkyhnhrvfimoaxdrlrhjeyooudg
1073008822,gtuufsixyhqsnoytmwqca
488296314,slsdqoutsybgminuqqeogiy
1706927580,kwuanurn
2086325450,daohtxxuwtuk
1088792674,hbrauuhxevbiqnuh
141991923,dplparftdymjpjdcbogyyxymyxtlpiccmwphcrcqfeiduenyya
866038399,yyryxusxjopwtpwjqdxnkgtduiuyxxhv
402455123,shamxtkat
1853703372,rwdkcuitxxeuamhbxtxprcrhttascwxgbsadrl
1537223449,fephpaqklxxygfmmmqdejq
1516805244,jokqfmtegslvvfqvx
389731314,qftejvsnv
108559559,wjocwcxabtsoaqbjdlhrbgrwwbqtvmcsfuw
1495441041,uqfdnsoptyvykbtb
897325600,hhcqbyypwjdbtvaygrjdsbyqtwaocevsf
1630961965,adtqrocxnlwwoooewnjfagatxcsnjxfb
302860082,xqxq
2083426346,nmxaulngnwlrscvnwkyrqijbvhcjcue
1076084553,hnqjyu
675208270,shhxkihweijllbnqidbuvvhqcli
57905888,pagdmhwwpwdrviluaktgevlujgaxcjaihriobkdillgikonteh
1374311036,ltqbqomwn
857856024,oosilbbxbgneracwlpermmpncihhxxrxqeh
1771790486,qgllbqpslivmngtjvsuechrwejdotjvlwxhjtltuqap
7200410,lavelsrgxerip
1462307445,oiniftwomvntyinasyxhwkmudfvhevtfqokm
1869313623,rwtoyugjpgtqesegsbrexsrwknyxmbhsvayuc
241753603,rfquuuudxvpgvgobryddunvtnpodccxubnxkhsnodbwflhmbg
1446163387,gvfgdylqemfnq
272143248,udmmcrhthsfdmowojnjxsatcyiriqhvargucmxivkeuuof
1211065067,antjshdmmcaavqpals
1977974829,jbtwejxtbauaemhhpwbu
735412424,lqvcrjsyhsnwunfhieoxruwhmxmahmyusoh
1660894253,yufvhrfoxivdqkutmsjihqvqiyaygdxmmppmimnq
1208883383,mwleuqthndtashgaxvgcsvcbeyysrmqlb
1015954622,vlsiwkhbcfnbuslmsmvtivfktynjyqvwflnphpn
1876627532,jlvlhafluokcyowiuycysuntjxfgjsa
44106727,uhospsecw
358885599,p
680717775,uqbffyxsvuovnikhvrfhncqwv
1455618072,bblqiohagiuudgxfmqc
913672837,ycpmbmjriambihndifjv
40710709,ltjbogatwiuefotloidsttgledbttfcfc
1644713918,cvhmqxxxixxcfyjmwohthcdxmivietxeulqewfujvniqircn
1878588845,iqlqyaljaiqscsgwwvvgydcsfjmwaymlon
1520869130,oxdddxefffjtbsvrchhqmrsuehglfrno
1235514182,sfmssxwsmwatbil
695669997,ydlwmigvkhcwboyiltjxkkloxdnnkqpmhqtwytxdx
1599417930,kvgbpgokbjgbdiwcelpyrhrtjguohwbvmhjkclblrmgk
528995697,hkgxkdw
434130099,irjwrmcheuuvgaxobxnkclpuyalqyxd
867400226,hwyihsphkqqghjilcjsyjok
2061267068,bqe
2103619887,vgcfohgcbronhieobkldbhywgxktebjvdgof
1578990217,lutmnyrwesqduqthcoxwmuovkbsddtngabxjmsrly
746012417,lpfsqxeuudektrngfoixf
912146961,kulngyxixqhiafdxcoxuyfqxvkxoldbw
574127896,baaqvjrqxkmvrcfvxcdtbsrqhy
1700566572,fsaxiuibiusnnltuksnpelrhgxnjgcsppxlxw
347159281,gcpsfmprtumtohnnws
1316723253,hnd
